,,,,,FORMAS PGTO,,1,DINHEIRO,,,,,,,,,,,,,
,,,,,,,2,FIES,,,,,,,,,,,,,
,DATA EXTRAÇÃO,,,,,,3,CARTÃO CRÉDITO,,,,,,,,,,,,,
,,,,,,,,,,,,,,,,,,,,,
,,,,,,,,,,,,,,,,,,,,,
,,,,,,,,,,,,,,,,,,,,,
Alunos,Matricula,ENDERECO,Foto,CPF,Curso,EXATAS HUMANAS,IMG  EXATAS,Nota de Aprovação,Campus,Turno,Mensalidade,Ano,SITUACAO,FORMA PGTO,GENERO,IDADE,Pegou DP,PCD,ESTAGIO,DPS,PEGO DIPLOMA
Abel Azevedo,7080,SOLDADO FRANCISCO SAVASTANA,https://i.imgur.com/OjYqicG.jpg,3470606,Medicina,EXATAS,https://i.imgur.com/MGZopyB.png,7,Cabula,Noite,"R$ 3.500,00",2016,Pago,1,F,26,369452-78/Medicina/Pago-DP,SIM,NÃO,DP,PEGOU DIPLOMA
Alana Silva,5971,OITO,https://i.imgur.com/oWKul8X.jpg,4675200,Direito,CIENCIAS UHMANAS,https://i.imgur.com/YxH4srf.png,6,Cabula,Manhã,"R$ 1.600,00",2014,Não Pago,3,F,33,597188-44/Direito/Não Pago-N/DP,NÃO,NÃO,N/DP,PEGOU DIPLOMA
Alberto Sá,4518,Não Cadastrado,https://i.imgur.com/aIB65ql.jpg,3471486,Estatística,EXATAS,https://i.imgur.com/MGZopyB.png,8,Brotas,Noite,"R$ 2.000,0",2016,Pago,1,M,31,585456-64/Estatística/Pago-N/DP,NÃO,SIM,N/DP,PEGOU DIPLOMA
Danila Souza,5671,Não Cadastrado,https://i.imgur.com/Ye5b6u6.jpg,3519270,Administração,EXATAS,https://i.imgur.com/MGZopyB.png,8,Brotas,Manhã,"R$ 1.600,00",2014,Pago,1,F,23,244475-82/Administração/Pago-DP,NÃO,SIM,DP,PEGOU DIPLOMA
Debora Luz,5050,Não Cadastrado,https://i.imgur.com/23PT5nT.jpg,4881921,Letras,HUMANAS,https://i.imgur.com/2vgzesy.png,10,Cabula,Noite,"R$ 1.400,00",2016,Pago,2,F,29,260368-73/Letras/Não Pago-N/DP,NÃO,NÃO,N/DP,PEGOU DIPLOMA
Daniel borges,8566,Rua Belgica,https://i.imgur.com/rme6igd.jpg,4253240,Marketing,HUMANAS,https://i.imgur.com/2vgzesy.png,9,Cabula,Noite,"R$ 1.400,00",2016,Pago,3,F,31,532593-72/Marketing/Não Pago-DP,NÃO,NÃO,DP,PEGOU DIPLOMA
Fernanda Galvão,3202,IVAN PESSOA,https://i.imgur.com/j03AnWN.jpg,3740626,Nutrição,EXATAS,https://i.imgur.com/MGZopyB.png,10,Brotas,Noite,"R$ 2.200,00",2016,Pago,3,F,33,522444-57/Nutrição/Não Pago-N/DP,NÃO,SIM,N/DP,PEGOU DIPLOMA
Júlia Gilbratar,9439,Não Cadastrado,https://i.imgur.com/H7FdKsk.png,5215520,Veterinária,EXATAS,https://i.imgur.com/MGZopyB.png,8,Brotas,Noite,"R$ 2.900,00",2016,Pago,3,F,24,411614-48/Veterinária/Pago-DP,NÃO,SIM,DP,PEGOU DIPLOMA
Helena Miranda,8943,Não Cadastrado,https://i.imgur.com/yTAKTuk.png,3661092,Gastronomia,OUTROS,https://i.imgur.com/86sYQ07.png,7,Brotas,Manhã,"R$ 1.479,00",2016,Não Pago,1,F,30,621638-61/Gastronomia/Pago-DP,NÃO,NÃO,DP,PEGOU DIPLOMA
Jussara Amaral,8545,Não Cadastrado,https://i.imgur.com/RRutPiP.png,4140164,Filosofia,HUMANAS,https://i.imgur.com/2vgzesy.png,10,Cabula,Noite,"R$ 1.876,00",2016,Pago,1,F,34,285661-61/Filosofia/Pago-DP,NÃO,NÃO,DP,PEGOU DIPLOMA
Raquel Fernandes,1853,Não Cadastrado,https://i.imgur.com/rY5DE9q.png,5074198,Engenharia Civil,EXATAS,https://i.imgur.com/MGZopyB.png,8,Brotas,Noite,"R$ 1.900,00",2016,Pago,1,F,34,663916-99/Engenharia Civil/Pago-DP,NÃO,SIM,DP,PEGOU DIPLOMA
Sandra Miranda,1987,Não Cadastrado,https://i.imgur.com/da9RdxZ.png,5033089,Medicina,EXATAS,https://i.imgur.com/MGZopyB.png,7,Cabula,Manhã,"R$ 3.500,00",2016,Não Pago,2,F,30,448444-88/Medicina/Pago-DP,NÃO,NÃO,DP,PEGOU DIPLOMA
Anderson Silva,3469,ITANGUA,https://i.imgur.com/coh1A9T.png,4784865,Direito,CIENCIAS UHMANAS,https://i.imgur.com/YxH4srf.png,5,Cabula,Manhã,"R$ 1.600,00",2016,Não Pago,3,M,33,231620-56/Direito/Não Pago-N/DP,NÃO,NÃO,N/DP,PEGOU DIPLOMA
Carlos Ká,3074,ALEXANDRE AMARAL,https://i.imgur.com/4wC3Gsy.png,4510873,Estatística,EXATAS,https://i.imgur.com/MGZopyB.png,10,Brotas,Noite,"R$ 2.000,00",2016,Pago,1,M,23,389261-86/Estatística/Pago-N/DP,NÃO,SIM,N/DP,PEGOU DIPLOMA
Bartolomeu Silva,2907,CATUÍPE,https://i.imgur.com/zJGQT0E.png,4142164,Informática,EXATAS,https://i.imgur.com/MGZopyB.png,7,Brotas,Manhã,"R$ 1.300,00",2016,Pago,1,M,34,516330-61/Informática/Pago-DP,NÃO,NÃO,DP,PEGOU DIPLOMA
Fernando Brito,9625,DO TAQUARAL,https://i.imgur.com/1wzKHJL.png,5048081,Administração,EXATAS,https://i.imgur.com/MGZopyB.png,10,Brotas,Manhã,"R$ 1.600,00",2016,Pago,2,M,24,625721-47/Administração/Não Pago-N/DP,NÃO,SIM,N/DP,PEGOU DIPLOMA
Sandro Almeida,9565,Não Cadastrado,https://i.imgur.com/QOPWaBd.png,3299413,Letras,HUMANAS,https://i.imgur.com/2vgzesy.png,10,Cabula,Noite,"R$ 1.400,00",2016,Pago,3,M,32,832784-88/Letras/Não Pago-DP,NÃO,NÃO,DP,PEGOU DIPLOMA
Fátima Bernardes,3726,Não Cadastrado,https://i.imgur.com/vNHaUYc.png,5070799,Marketing,HUMANAS,https://i.imgur.com/2vgzesy.png,6,Cabula,Manhã,"R$ 1.400,00",2016,Não Pago,1,F,31,380192-34/Marketing/Não Pago-DP,NÃO,NÃO,DP,PEGOU DIPLOMA
William Bonner,8147,DO MENDANHA,https://i.imgur.com/xuBWf4b.png,4198448,Nutrição,EXATAS,https://i.imgur.com/MGZopyB.png,10,Brotas,Manhã,"R$ 2.200,00",2016,Pago,3,M,24,332574-62/Nutrição/Pago-DP,NÃO,SIM,DP,PEGOU DIPLOMA
Edson arantes,1503,Não Cadastrado,https://i.imgur.com/Xfsp5gx.png,5126560,Veterinária,EXATAS,https://i.imgur.com/MGZopyB.png,8,Brotas,Manhã,"R$ 2.900,00",2016,Pago,2,M,23,763999-91/Veterinária/Pago-DP,NÃO,SIM,DP,PEGOU DIPLOMA
Carlos Bastos,5229,DO GUANDU DO SENA,https://i.imgur.com/hPMPZVA.png,4639042,Gastronomia,OUTROS,https://i.imgur.com/86sYQ07.png,8,Brotas,Noite,"R$ 1.479,00",2016,Pago,1,M,32,251726-72/Gastronomia/Pago-DP,NÃO,NÃO,DP,PEGOU DIPLOMA
Samara Firmino,1654,ITAUNAS,https://i.imgur.com/pMEjg2a.png,4030037,Filosofia,HUMANAS,https://i.imgur.com/2vgzesy.png,7,Cabula,Noite,"R$ 1.876,00",2014,Pago,1,F,23,321348-56/Filosofia/Pago-N/DP,NÃO,NÃO,N/DP,PEGOU DIPLOMA
Renato Aragão,2463,JOÃO DE MEDEIROS,https://i.imgur.com/pLCfRnF.png,4338341,Engenharia Civil,EXATAS,https://i.imgur.com/MGZopyB.png,8,Brotas,Manhã,"R$ 1.900,00",2014,Pago,1,M,29,409044-53/Engenharia Civil/Não Pago-N/DP,NÃO,NÃO,N/DP,PEGOU DIPLOMA
Flávio camargo,2144,Não Cadastrado,https://i.imgur.com/XKtzmjS.png,3911620,Medicina,EXATAS,https://i.imgur.com/MGZopyB.png,10,Cabula,Manhã,"R$ 3.500,00",2014,Pago,2,M,30,490982-37/Medicina/Pago-N/DP,NÃO,SIM,N/DP,PEGOU DIPLOMA
Luis Augusto,3690,FRANCISCO JOSÉ,https://i.imgur.com/7zhClUo.png,3764935,Direito,CIENCIAS UHMANAS,https://i.imgur.com/YxH4srf.png,5,Cabula,Noite,"R$ 1.600,00",2014,Não Pago,3,M,35,671306-65/Direito/Não Pago-N/DP,NÃO,NÃO,N/DP,PEGOU DIPLOMA
Gilberto Barra,6952,Não Cadastrado,https://i.imgur.com/1QXHcFe.png,3892657,Estatística,EXATAS,https://i.imgur.com/MGZopyB.png,9,Brotas,Noite,"R$ 2.000,00",2014,Pago,3,M,36,536196-53/Estatística/Pago-N/DP,NÃO,SIM,N/DP,PEGOU DIPLOMA
Carlos Emerito,1396,Não Cadastrado,https://i.imgur.com/67re0Qw.png,3352923,Informática,EXATAS,https://i.imgur.com/MGZopyB.png,5,Brotas,Noite,"R$ 1.300,00",2014,Pago,1,M,32,715933-55/Informática/Pago-N/DP,NÃO,NÃO,N/DP,PEGOU DIPLOMA
Serena Will,9432,Não Cadastrado,https://i.imgur.com/6kcnx8a.png,5023228,Administração,EXATAS,https://i.imgur.com/MGZopyB.png,5,Brotas,Manhã,"R$ 1.600,00",2016,Pago,1,F,32,326656-48/Administração/Pago-N/DP,NÃO,NÃO,N/DP,PEGOU DIPLOMA
Will Smirfi,7090,GASTÃO PEREIRA DA SILVA,https://i.imgur.com/c7UuGXx.png,4963717,Letras,HUMANAS,https://i.imgur.com/2vgzesy.png,5,Cabula,Noite,"R$ 1.400,00",2014,Pago,1,M,22,806340-44/Letras/Não Pago-N/DP,NÃO,NÃO,N/DP,PEGOU DIPLOMA
Damião de jesus,7512,BEIRA-RIO,https://i.imgur.com/SO3mdr3.png,3463019,Marketing,HUMANAS,https://i.imgur.com/2vgzesy.png,6,Cabula,Manhã,"R$ 1.400,00",2014,Não Pago,3,M,33,515834-58/Marketing/Não Pago-N/DP,NÃO,NÃO,N/DP,PEGOU DIPLOMA
Carmen Lúcia,9115,Rua jacundá,https://i.imgur.com/wYD9Nd0.png,4065874,Nutrição,EXATAS,https://i.imgur.com/MGZopyB.png,9,Brotas,Noite,"R$ 2.200,00",2016,Pago,1,F,28,801435-53/Nutrição/Não Pago-DP,NÃO,SIM,DP,PEGOU DIPLOMA
Jorge Abravana,5036,LINO CARLOS DE PAIVA,https://i.imgur.com/j8XgDPZ.png,4367656,Veterinária,EXATAS,https://i.imgur.com/MGZopyB.png,10,Brotas,Manhã,"R$ 2.900,00",2014,Pago,3,M,36,758368-43/Veterinária/Pago-N/DP,NÃO,NÃO,N/DP,PEGOU DIPLOMA
Gina Devia,1646,ADAUTO DA CÂMARA,https://i.imgur.com/OY9zYzo.png,4922460,Gastronomia,OUTROS,https://i.imgur.com/86sYQ07.png,10,Brotas,Manhã,"R$ 1.479,00",2014,Pago,3,F,34,403764-55/Gastronomia/Pago-N/DP,NÃO,SIM,N/DP,PEGOU DIPLOMA
Gertrusde góis,3786,IRETAMA,https://i.imgur.com/bMcpZoz.png,3838654,Filosofia,HUMANAS,https://i.imgur.com/2vgzesy.png,10,Cabula,Manhã,"R$ 1.876,00",2016,Pago,2,F,35,773578-27/Filosofia/Não Pago-DP,NÃO,NÃO,DP,PEGOU DIPLOMA
Diego Santos,9494,GUANDU DO SAPE,https://i.imgur.com/rJTNdSt.png,4314631,Engenharia Civil,EXATAS,https://i.imgur.com/MGZopyB.png,6,Brotas,Manhã,"R$ 1.900,00",2014,Pago,2,M,27,462524-51/Engenharia Civil/Pago-N/DP,NÃO,NÃO,N/DP,PEGOU DIPLOMA
Vinicius Rafaioli,7019,JORNALISTA HENRIQUE CORDEIRO,https://i.imgur.com/fWiiA9Z.png,3985807,Medicina,EXATAS,https://i.imgur.com/MGZopyB.png,9,Cabula,Manhã,"R$ 3.500,00",2014,Pago,1,M,24,698845-51/Medicina/Pago-DP,SIM,NÃO,DP,PEGOU DIPLOMA
Juracy Uzeda,8844,DOS CRAVOS,https://i.imgur.com/FGrSGmt.png,3455610,Direito,CIENCIAS UHMANAS,https://i.imgur.com/YxH4srf.png,5,Cabula,Manhã,"R$ 1.600,00",2015,Não Pago,3,M,23,739742-93/Direito/Não Pago-N/DP,SIM,SIM,N/DP,PEGOU DIPLOMA
Carlos Ká,8894,TRÊS,https://i.imgur.com/JlgP10E.png,4855753,Estatística,EXATAS,https://i.imgur.com/MGZopyB.png,6,Brotas,Noite,"R$ 2.000,00",2014,Pago,2,M,35,832796-47/Estatística/Pago-N/DP,SIM,NÃO,N/DP,PEGOU DIPLOMA
Bartolomeu Silva,9316,PROFESSOR JOSÉ DE MENDONÇA,https://i.imgur.com/T20uAzN.png,5173383,Informática,EXATAS,https://i.imgur.com/MGZopyB.png,6,Brotas,Manhã,"R$ 1.300,00",2015,Pago,3,M,22,699656-45/Informática/Não Pago-N/DP,NÃO,NÃO,N/DP,PEGOU DIPLOMA
Carmen Betânia,7510,Não Cadastrado,https://i.imgur.com/fdj9Ahj.png,4961267,Administração,EXATAS,https://i.imgur.com/MGZopyB.png,10,Brotas,Manhã,"R$ 1.600,00",2014,Pago,3,F,24,433238-71/Administração/Não Pago-N/DP,SIM,SIM,N/DP,PEGOU DIPLOMA
Almir Fernandes,7041,JOÃO DE MEDEIROS,https://i.imgur.com/Dk0SkLi.png,3561217,Letras,HUMANAS,https://i.imgur.com/2vgzesy.png,5,Cabula,Noite,"R$ 1.400,00",2014,Pago,2,M,21,824510-33/Letras/Não Pago-N/DP,NÃO,NÃO,N/DP,PEGOU DIPLOMA
Jaime Gasma,6176,Não Cadastrado,https://i.imgur.com/axGSqrX.png,5071935,Marketing,HUMANAS,https://i.imgur.com/2vgzesy.png,5,Cabula,Manhã,"R$ 1.400,00",2016,Não Pago,3,M,36,530729-85/Marketing/Não Pago-N/DP,NÃO,NÃO,N/DP,PEGOU DIPLOMA
Carlos Aplauso,6832,40,https://i.imgur.com/4T9HI3a.png,4229001,Nutrição,EXATAS,https://i.imgur.com/MGZopyB.png,9,Brotas,Noite,"R$ 2.200,00",2014,Pago,2,M,25,772984-40/Nutrição/Pago-DP,NÃO,SIM,DP,PEGOU DIPLOMA
Angela Maria,2163,Não Cadastrado,https://i.imgur.com/2IhSldX.png,3772551,Veterinária,EXATAS,https://i.imgur.com/MGZopyB.png,7,Brotas,Noite,"R$ 2.900,00",2014,Pago,1,F,31,281018-55/Veterinária/Pago-DP,SIM,NÃO,DP,PEGOU DIPLOMA
Maria Zélia,5055,Rua Joao Bolonini,https://i.imgur.com/dHPnAfT.png,3807334,Gastronomia,OUTROS,https://i.imgur.com/86sYQ07.png,5,Brotas,Manhã,"R$ 1.479,00",2014,Não Pago,1,F,28,461810-57/Gastronomia/Pago-DP,NÃO,NÃO,DP,PEGOU DIPLOMA
Aderaldo Francisco,6333,SETE RIACHOS,https://i.imgur.com/2sfOQNA.png,4309027,Filosofia,HUMANAS,https://i.imgur.com/2vgzesy.png,8,Cabula,Manhã,"R$ 1.876,00",2016,Pago,2,M,33,781270-74/Filosofia/Pago-DP,NÃO,NÃO,DP,PEGOU DIPLOMA
Gilnário Fromm,9506,Não Cadastrado,https://i.imgur.com/n415oBZ.png,3894389,Engenharia Civil,EXATAS,https://i.imgur.com/MGZopyB.png,7,Brotas,Manhã,"R$ 1.900,00",2014,Pago,2,M,27,637114-26/Engenharia Civil/Pago-N/DP,NÃO,NÃO,N/DP,PEGOU DIPLOMA
Fernando Pessoas,2818,Não Cadastrado,https://i.imgur.com/1ZHAQdG.png,4560753,Medicina,EXATAS,https://i.imgur.com/MGZopyB.png,7,Cabula,Manhã,"R$ 3.500,00",2014,Não Pago,1,M,24,389883-51/Medicina/Pago-N/DP,NÃO,NÃO,N/DP,PEGOU DIPLOMA
Alisson Luis,9597,DOS DIAMANTES,https://i.imgur.com/sxsaNp7.png,4811249,Direito,CIENCIAS UHMANAS,https://i.imgur.com/YxH4srf.png,7,Cabula,Noite,"R$ 1.600,00",2016,Não Pago,3,M,24,254178-67/Direito/Não Pago-DP,SIM,NÃO,DP,PEGOU DIPLOMA
Gil de Melania,9174,DUARTINA,https://i.imgur.com/4UzDgKx.png,4647799,Estatística,EXATAS,https://i.imgur.com/MGZopyB.png,10,Brotas,Manhã,"R$ 2.000,00",2014,Pago,1,F,21,835175-35/Estatística/Pago-DP,NÃO,SIM,DP,PEGOU DIPLOMA
Bert Simpgon,3718,DIORAMA,https://i.imgur.com/rjfh4Md.png,4794670,Informática,EXATAS,https://i.imgur.com/MGZopyB.png,6,Brotas,Manhã,"R$ 1.300,00",2014,Pago,2,F,33,604749-44/Informática/Pago-N/DP,NÃO,NÃO,N/DP,PEGOU DIPLOMA
Carlos Champion,2149,Não Cadastrado,https://i.imgur.com/KAPElD0.png,5220376,Administração,EXATAS,https://i.imgur.com/MGZopyB.png,7,Brotas,Manhã,"R$ 1.600,00",2014,Pago,3,M,29,466264-62/Administração/Pago-DP,SIM,SIM,DP,PEGOU DIPLOMA
Denise Freitas,7979,Não Cadastrado,https://i.imgur.com/OasCcPf.png,4831382,Letras,HUMANAS,https://i.imgur.com/2vgzesy.png,8,Cabula,Noite,"R$ 1.400,00",2014,Pago,2,F,30,783930-28/Letras/Não Pago-N/DP,NÃO,SIM,N/DP,PEGOU DIPLOMA
Marcos Fross,5570,LAPLACE,https://i.imgur.com/zWQOXcp.png,4137302,Marketing,HUMANAS,https://i.imgur.com/2vgzesy.png,5,Cabula,Noite,"R$ 1.400,00",2015,Pago,1,M,34,380081-60/Marketing/Não Pago-DP,NÃO,NÃO,DP,PEGOU DIPLOMA
Jilson Lago,7304,Não Cadastrado,https://i.imgur.com/lhWlmjw.png,3602781,Nutrição,EXATAS,https://i.imgur.com/MGZopyB.png,10,Brotas,Manhã,"R$ 2.200,00",2015,Pago,2,M,23,774525-44/Nutrição/Não Pago-DP,NÃO,SIM,DP,PEGOU DIPLOMA
Amauri Filho,9167,DORIVAL FERREIRA,https://i.imgur.com/1Zno6YS.png,3479627,Veterinária,EXATAS,https://i.imgur.com/MGZopyB.png,6,Brotas,Manhã,"R$ 2.900,00",2016,Pago,3,M,27,411577-90/Veterinária/Pago-DP,SIM,NÃO,DP,PEGOU DIPLOMA
Eduardo Oliveira,3710,Não Cadastrado,https://i.imgur.com/J3NSqF7.png,4199136,Gastronomia,OUTROS,https://i.imgur.com/86sYQ07.png,9,Brotas,Manhã,"R$ 1.479,00",2014,Não Pago,1,M,23,558373-29/Gastronomia/Pago-DP,NÃO,SIM,DP,NÃO PEGOU DIPLOMA
Gileno Diniz,6704,MORANGA,https://i.imgur.com/44Nr160.png,3828636,Filosofia,HUMANAS,https://i.imgur.com/2vgzesy.png,10,Cabula,Manhã,"R$ 1.876,00",2014,Pago,2,M,36,564629-85/Filosofia/Pago-N/DP,NÃO,SIM,N/DP,PEGOU DIPLOMA
Roque Rais,3005,Não Cadastrado,https://i.imgur.com/KJIoxiK.png,4626281,Engenharia Civil,EXATAS,https://i.imgur.com/MGZopyB.png,10,Brotas,Manhã,"R$ 1.900,00",2014,Pago,1,M,31,344276-93/Engenharia Civil/Pago-N/DP,NÃO,SIM,N/DP,PEGOU DIPLOMA
Fernado Fernandes,4975,IRETAMA,https://i.imgur.com/OwrIbQr.png,3974181,Medicina,EXATAS,https://i.imgur.com/MGZopyB.png,9,Cabula,Manhã,"R$ 3.500,00",2014,Pago,2,M,28,254829-23/Medicina/Pago-DP,NÃO,SIM,DP,PEGOU DIPLOMA
Hilton Gomes,9173,PARDAL,https://i.imgur.com/rmXHbOi.png,3308403,Direito,CIENCIAS UHMANAS,https://i.imgur.com/YxH4srf.png,6,Cabula,Noite,"R$ 1.600,00",2016,Pago,1,M,22,614093-23/Direito/Não Pago-DP,NÃO,SIM,DP,NÃO PEGOU DIPLOMA
Diego Telles,6318,MÁRIO CORDEIRO,https://i.imgur.com/aPZYkcb.png,3686178,Estatística,EXATAS,https://i.imgur.com/MGZopyB.png,8,Brotas,Manhã,"R$ 2.000,00",2014,Pago,3,M,28,366442-41/Estatística/Pago-DP,NÃO,NÃO,DP,PEGOU DIPLOMA
Bianca Rinalda,8762,Não Cadastrado,https://i.imgur.com/KxDjPlu.png,4548296,Informática,EXATAS,https://i.imgur.com/MGZopyB.png,10,Brotas,Manhã,"R$ 1.300,00",2014,Pago,2,F,22,300250-45/Informática/Pago-N/DP,NÃO,NÃO,N/DP,PEGOU DIPLOMA
Angelica Guma,8957,PAULINO DE OLIVEIRA,https://i.imgur.com/72yAxHc.png,4964260,Administração,EXATAS,https://i.imgur.com/MGZopyB.png,9,Brotas,Noite,"R$ 1.600,00",2015,Pago,3,F,32,604383-62/Administração/Não Pago-N/DP,NÃO,SIM,N/DP,PEGOU DIPLOMA
Sandra Luisa,7692,CAMPO ALEGRE,https://i.imgur.com/sDXJsGD.png,4431586,Letras,HUMANAS,https://i.imgur.com/2vgzesy.png,6,Cabula,Manhã,"R$ 1.400,00",2015,Não Pago,3,F,35,834742-43/Letras/Não Pago-N/DP,NÃO,NÃO,N/DP,PEGOU DIPLOMA
Luisa Luiz,4464,RAFAEL RENNI,https://i.imgur.com/v27YRsw.png,3570910,Marketing,HUMANAS,https://i.imgur.com/2vgzesy.png,10,Cabula,Manhã,"R$ 1.400,00",2015,Não Pago,1,F,28,311285-53/Marketing/Não Pago-N/DP,SIM,SIM,N/DP,PEGOU DIPLOMA
Wibergano Freitas,6057,ABEL FERREIRA,https://i.imgur.com/Iqt1dcC.png,3317433,Nutrição,EXATAS,https://i.imgur.com/MGZopyB.png,8,Brotas,Noite,"R$ 2.200,00",2016,Pago,1,M,27,821245-77/Nutrição/Pago-N/DP,NÃO,NÃO,N/DP,PEGOU DIPLOMA
Raul Gazol,5938,SOLDADO MANASSES BARROS,https://i.imgur.com/6rcQplg.png,4146417,Veterinária,EXATAS,https://i.imgur.com/MGZopyB.png,9,Brotas,Noite,"R$ 2.900,00",2014,Pago,1,M,21,428607-35/Veterinária/Pago-N/DP,NÃO,NÃO,N/DP,PEGOU DIPLOMA
Cátia Amauri,3305,OSVALDO RIBEIRO,https://i.imgur.com/5vt3Qsf.png,3776182,Gastronomia,OUTROS,https://i.imgur.com/86sYQ07.png,5,Brotas,Manhã,"R$ 1.479,00",2014,Não Pago,3,F,22,805261-55/Gastronomia/Pago-N/DP,NÃO,NÃO,N/DP,PEGOU DIPLOMA
Lucas Magalhães,1952,DO CAMPINHO,https://i.imgur.com/UszSM7W.png,3677619,Filosofia,HUMANAS,https://i.imgur.com/2vgzesy.png,8,Cabula,Noite,"R$ 1.876,00",2014,Não Pago,3,M,25,755458-24/Filosofia/Pago-N/DP,NÃO,SIM,N/DP,PEGOU DIPLOMA
Demilson Demmi,6761,Não Cadastrado,https://i.imgur.com/7TBArt5.png,5135277,Engenharia Civil,EXATAS,https://i.imgur.com/MGZopyB.png,6,Brotas,Manhã,"R$ 1.900,00",2016,Pago,2,M,31,641180-61/Engenharia Civil/Não Pago-N/DP,NÃO,SIM,N/DP,PEGOU DIPLOMA
Fabiano jesus,1444,Rua Salomao,https://i.imgur.com/g2wKsJE.png,4411810,Medicina,EXATAS,https://i.imgur.com/MGZopyB.png,10,Cabula,Manhã,"R$ 3.500,00",2014,Pago,2,M,21,342486-88/Medicina/Pago-N/DP,NÃO,NÃO,N/DP,PEGOU DIPLOMA
Jermane trig,9783,Rua Pericles Brandão,https://i.imgur.com/bbG1a3p.png,4020450,Direito,CIENCIAS UHMANAS,https://i.imgur.com/YxH4srf.png,6,Cabula,Noite,"R$ 1.600,00",2014,Não Pago,2,M,34,451370-67/Direito/Não Pago-N/DP,SIM,NÃO,N/DP,PEGOU DIPLOMA
Michael Jablon,2913,Rua hamilton Ferreira,,3883443,Estatística,EXATAS,https://i.imgur.com/MGZopyB.png,10,Brotas,Noite,"R$ 2.000,00",2014,Pago,1,M,23,801482-37/Estatística/Pago-N/DP,NÃO,NÃO,N/DP,PEGOU DIPLOMA
João Jonases,8108,DO MONTEIRO,,4180016,Informática,EXATAS,https://i.imgur.com/MGZopyB.png,9,Brotas,Manhã,"R$ 1.300,00",2014,Pago,2,M,21,553785-27/Informática/Pago-N/DP,NÃO,NÃO,N/DP,PEGOU DIPLOMA
jonas Firmo,6746,Não Cadastrado,,5051133,Administração,EXATAS,https://i.imgur.com/MGZopyB.png,6,Brotas,Manhã,"R$ 1.600,00",2014,Pago,2,M,25,623166-69/Administração/Pago-N/DP,NÃO,SIM,N/DP,PEGOU DIPLOMA
Girlei Gomes,5664,MAGNESITA,,4762245,Letras,HUMANAS,https://i.imgur.com/2vgzesy.png,9,Cabula,Manhã,"R$ 1.400,00",2014,Pago,1,M,29,718498-28/Letras/Não Pago-N/DP,NÃO,SIM,N/DP,PEGOU DIPLOMA
Hiton Frod,5336,SERRA ALTA,,4517296,Marketing,HUMANAS,https://i.imgur.com/2vgzesy.png,7,Cabula,Manhã,"R$ 1.400,00",2014,Pago,1,M,26,320176-70/Marketing/Não Pago-N/DP,NÃO,NÃO,N/DP,PEGOU DIPLOMA
Gerusa Cavalcanti,7031,TATUÍ,https://i.imgur.com/mVDXciq.png,4924371,Nutrição,EXATAS,https://i.imgur.com/MGZopyB.png,5,Brotas,Manhã,"R$ 2.200,00",2015,Pago,3,F,29,564351-72/Nutrição/Não Pago-N/DP,NÃO,NÃO,N/DP,PEGOU DIPLOMA
Carlos Borges,2043,Não Cadastrado,,4034094,Veterinária,EXATAS,https://i.imgur.com/MGZopyB.png,7,Brotas,Noite,"R$ 2.900,00",2015,Pago,2,M,29,834029-31/Veterinária/Pago-N/DP,NÃO,SIM,N/DP,PEGOU DIPLOMA
Amélia Lima,1644,GUARAREMA,https://i.imgur.com/e5VDncj.png,4599037,Gastronomia,OUTROS,https://i.imgur.com/86sYQ07.png,5,Brotas,Manhã,"R$ 1.479,00",2015,Pago,3,F,27,361864-49/Gastronomia/Pago-N/DP,NÃO,NÃO,N/DP,PEGOU DIPLOMA
Gustavo Firma,4199,JORNALISTA SABINO DE LEMOS,,3727681,Filosofia,HUMANAS,https://i.imgur.com/2vgzesy.png,6,Cabula,Noite,"R$ 1.876,00",2015,Não Pago,3,M,31,718145-64/Filosofia/Não Pago-N/DP,NÃO,NÃO,N/DP,PEGOU DIPLOMA
Fabiana Melancia,2273,8,https://i.imgur.com/cUnS5fu.png,5027473,Engenharia Civil,EXATAS,https://i.imgur.com/MGZopyB.png,9,Brotas,Manhã,"R$ 1.900,00",2015,Pago,3,F,32,479553-30/Engenharia Civil/Pago-N/DP,NÃO,NÃO,N/DP,PEGOU DIPLOMA
Jurandir Amaras,8506,PERIMBO,,3297671,Medicina,EXATAS,https://i.imgur.com/MGZopyB.png,9,Cabula,Noite,"R$ 3.500,00",2015,Pago,3,M,22,809148-85/Medicina/Não Pago-N/DP,SIM,NÃO,N/DP,PEGOU DIPLOMA
Kiko Zambiencho,3653,Não Cadastrado,,5229561,Direito,CIENCIAS UHMANAS,https://i.imgur.com/YxH4srf.png,6,Cabula,Manhã,"R$ 1.600,00",2014,Não Pago,2,M,24,803670-69/Direito/Não Pago-N/DP,NÃO,SIM,N/DP,NÃO PEGOU DIPLOMA
Camila Pitangui,5540,Não Cadastrado,https://i.imgur.com/1aZeyf5.png,4124916,Estatística,EXATAS,https://i.imgur.com/MGZopyB.png,9,Brotas,Noite,"R$ 2.000,00",2014,Pago,3,F,31,589588-79/Estatística/Pago-N/DP,NÃO,NÃO,N/DP,PEGOU DIPLOMA
Apolinário Gomes,1869,Não Cadastrado,,4581270,Informática,EXATAS,https://i.imgur.com/MGZopyB.png,6,Brotas,Manhã,"R$ 1.300,00",2014,Não Pago,3,M,21,662230-61/Informática/Não Pago-N/DP,NÃO,SIM,N/DP,PEGOU DIPLOMA
Tadeu Freitas,3223,MONTE LINDO,,5083692,Administração,EXATAS,https://i.imgur.com/MGZopyB.png,7,Brotas,Manhã,"R$ 1.600,00",2014,Pago,2,M,33,509234-67/Administração/Não Pago-N/DP,NÃO,SIM,N/DP,PEGOU DIPLOMA
Daniela Dimas,1741,rua sempre vival,https://i.imgur.com/UwJ6lpr.png,4034010,Letras,HUMANAS,https://i.imgur.com/2vgzesy.png,6,Cabula,Manhã,"R$ 1.400,00",2014,Pago,2,F,23,610996-92/Letras/Não Pago-N/DP,NÃO,NÃO,N/DP,PEGOU DIPLOMA
Janete Cremm,8819,TENENTE CORDEIRO E SILVA,https://i.imgur.com/tALPQGR.png,3637730,Marketing,HUMANAS,https://i.imgur.com/2vgzesy.png,7,Cabula,Noite,"R$ 1.400,00",2016,Pago,2,F,27,224798-25/Marketing/Não Pago-N/DP,NÃO,NÃO,N/DP,PEGOU DIPLOMA
Felicia Boarque,2431,DE SEPETIBA  RUA 53,https://i.imgur.com/kJBoLg5.png,4500949,Nutrição,EXATAS,https://i.imgur.com/MGZopyB.png,5,Brotas,Manhã,"R$ 2.200,00",2015,Pago,3,F,35,484946-91/Nutrição/Pago-N/DP,NÃO,NÃO,N/DP,PEGOU DIPLOMA
Amarildo Dias,6058,DO PEDREGOSO,,3387346,Veterinária,EXATAS,https://i.imgur.com/MGZopyB.png,6,Brotas,Manhã,"R$ 2.900,00",2015,Pago,3,M,35,655750-38/Veterinária/Não Pago-N/DP,SIM,SIM,N/DP,PEGOU DIPLOMA
jailton Eltric,6374,Não Cadastrado,,4559749,Gastronomia,OUTROS,https://i.imgur.com/86sYQ07.png,5,Brotas,Manhã,"R$ 1.479,00",2016,Não Pago,1,M,27,727602-71/Gastronomia/Não Pago-N/DP,NÃO,NÃO,N/DP,NÃO PEGOU DIPLOMA
Carlos Francisco,5431,Não Cadastrado,,3504252,Filosofia,HUMANAS,https://i.imgur.com/2vgzesy.png,7,Cabula,Noite,"R$ 1.876,00",2014,Pago,1,M,30,488680-82/Filosofia/Pago-N/DP,NÃO,SIM,N/DP,PEGOU DIPLOMA
Gilmar Oliveira,5963,RUA AUARE,,3379051,Engenharia Civil,EXATAS,https://i.imgur.com/MGZopyB.png,9,Brotas,Noite,"R$ 1.900,00",2016,Pago,1,M,33,521798-48/Engenharia Civil/Pago-N/DP,NÃO,NÃO,N/DP,PEGOU DIPLOMA
Sophia,6591,PAULO MAIA,,5240195,Medicina,EXATAS,https://i.imgur.com/MGZopyB.png,5,Justino,Manhã,"R$ 5.700,00",2015,Pago,1,F,23,802912-51/Medicina/Não Pago-N/DP,SIM,NÃO,N/DP,PEGOU DIPLOMA
Helena,4508,Não Cadastrado,,5040876,Administração,EXATAS,https://i.imgur.com/MGZopyB.png,10,Cabula,Noite,"R$ 1.600,00",2015,Não Pago,3,F,21,434492-65/Administração/Não Pago-N/DP,NÃO,SIM,N/DP,PEGOU DIPLOMA
Valentina,9162,TECAI,,5246990,Veterinária,EXATAS,https://i.imgur.com/MGZopyB.png,5,Justino,Manhã,"R$ 3.400,00",2015,Pago,1,F,24,652121-44/Veterinária/Não Pago-N/DP,SIM,NÃO,N/DP,PEGOU DIPLOMA
Laura,5502,EMA,,4692983,Filosofia,HUMANAS,https://i.imgur.com/2vgzesy.png,6,Justino,Manhã,"R$ 2.176,00",2015,Não Pago,3,F,35,822764-56/Filosofia/Não Pago-N/DP,NÃO,SIM,N/DP,PEGOU DIPLOMA
Isabella,3994,Não Cadastrado,,5016572,Informática,EXATAS,https://i.imgur.com/MGZopyB.png,6,Justino,Manhã,"R$ 1.900,00",2015,Pago,2,F,32,289911-88/Informática/Pago-N/DP,NÃO,SIM,N/DP,PEGOU DIPLOMA
Manuela,8153,BRASIL,,3962557,Filosofia,HUMANAS,https://i.imgur.com/2vgzesy.png,5,Justino,Manhã,"R$ 2.176,00",2015,Pago,1,F,26,302946-64/Filosofia/Pago-N/DP,NÃO,SIM,N/DP,PEGOU DIPLOMA
Júlia,6037,JAMBUACU,,4221721,Engenharia Civil,EXATAS,https://i.imgur.com/MGZopyB.png,6,Cabula,Noite,"R$ 1.900,00",2015,Não Pago,3,F,32,520106-43/Engenharia Civil/Pago-N/DP,SIM,NÃO,N/DP,PEGOU DIPLOMA
Heloísa,8528,rua augusto de vasconcelos,,4729957,Medicina,EXATAS,https://i.imgur.com/MGZopyB.png,6,Cabula,Manhã,"R$ 3.500,00",2015,Não Pago,3,F,21,745749-89/Medicina/Pago-N/DP,NÃO,NÃO,N/DP,PEGOU DIPLOMA
Luiza,2860,Não Cadastrado,,4715981,Direito,CIENCIAS UHMANAS,https://i.imgur.com/YxH4srf.png,5,Justino,Noite,"R$ 2.600,00",2015,Não Pago,3,F,30,321572-51/Direito/Pago-N/DP,NÃO,NÃO,N/DP,NÃO PEGOU DIPLOMA
Maria Luiza,3579,DA POSSE,,3405611,Estatística,EXATAS,https://i.imgur.com/MGZopyB.png,10,Cabula,Noite,"R$ 2.000,00",2015,Pago,2,F,30,635433-36/Estatística/Pago-N/DP,NÃO,SIM,N/DP,PEGOU DIPLOMA
Lorena,8481,LASSANCE,,4247629,Informática,EXATAS,https://i.imgur.com/MGZopyB.png,8,Justino,Noite,"R$ 1.900,00",2015,Pago,2,F,35,420244-66/Informática/Pago-N/DP,NÃO,NÃO,N/DP,PEGOU DIPLOMA
Lívia,5406,GUANDU DO SAPE,,4559342,Administração,EXATAS,https://i.imgur.com/MGZopyB.png,5,Cabula,Noite,"R$ 1.600,00",2015,Não Pago,3,F,22,280204-83/Administração/Não Pago-N/DP,NÃO,NÃO,N/DP,PEGOU DIPLOMA
Giovanna,2411,SAMPAIO DE LACERDA,,4958119,Gastronomia,OUTROS,https://i.imgur.com/86sYQ07.png,5,Justino,Manhã,"R$ 2.300,00",2016,Não Pago,2,F,27,471120-51/Gastronomia/Pago-N/DP,NÃO,NÃO,N/DP,NÃO PEGOU DIPLOMA
Maria Eduarda,3666,DO TINGUI,,4151767,Direito,CIENCIAS UHMANAS,https://i.imgur.com/YxH4srf.png,5,Cabula,Manhã,"R$ 1.600,00",2015,Não Pago,2,F,32,594006-39/Direito/Não Pago-N/DP,NÃO,NÃO,N/DP,NÃO PEGOU DIPLOMA
Beatriz,4086,RAVENA,,5141036,Marketing,HUMANAS,https://i.imgur.com/2vgzesy.png,8,Cabula,Noite,"R$ 1.400,00",2015,Pago,3,F,28,355024-27/Marketing/Pago-N/DP,NÃO,NÃO,N/DP,PEGOU DIPLOMA
Maria Clara,1239,DO PIAUIENSE,,3379777,Nutrição,EXATAS,https://i.imgur.com/MGZopyB.png,6,Brotas,Manhã,"R$ 2.200,00",2016,Pago,2,F,27,549639-34/Nutrição/Pago-N/DP,NÃO,NÃO,N/DP,PEGOU DIPLOMA
Cecília,1752,ARI DE OLIVEIRA LIMA,,5068769,Veterinária,EXATAS,https://i.imgur.com/MGZopyB.png,6,Cabula,Noite,"R$ 2.900,00",2015,Pago,1,F,35,253190-24/Veterinária/Pago-N/DP,NÃO,NÃO,N/DP,PEGOU DIPLOMA
Eloá,2396,GUARAREMA,,4538934,Gastronomia,OUTROS,https://i.imgur.com/86sYQ07.png,5,Cabula,Manhã,"R$ 1.479,00",2015,Não Pago,1,F,23,753234-69/Gastronomia/Pago-N/DP,NÃO,NÃO,N/DP,PEGOU DIPLOMA
Lara,6987,Rua: Luciano Fabricio riquet,,4664126,Filosofia,HUMANAS,https://i.imgur.com/2vgzesy.png,10,Brotas,Manhã,"R$ 1.876,00",2015,Pago,3,F,35,693212-47/Filosofia/Pago-N/DP,NÃO,NÃO,N/DP,PEGOU DIPLOMA
Maria Júlia,1548,DO QUAFA,,3821173,Engenharia Civil,EXATAS,https://i.imgur.com/MGZopyB.png,9,Brotas,Manhã,"R$ 1.900,00",2016,Pago,3,F,26,719677-45/Engenharia Civil/Pago-N/DP,NÃO,SIM,N/DP,PEGOU DIPLOMA
Isadora,8389,SÃO GERVÁSIO,,3480703,Educação Física,HUMANAS,https://i.imgur.com/2vgzesy.png,9,Brotas,Manhã,"R$ 1.100,00",2016,Pago,2,F,24,437977-87/Educação Física/Pago-N/DP,NÃO,NÃO,N/DP,PEGOU DIPLOMA
Mariana,9331,ALVES PINHEIRO,,4475557,Estatística,EXATAS,https://i.imgur.com/MGZopyB.png,10,Cabula,Manhã,"R$ 2.000,00",2015,Pago,2,F,21,603292-80/Estatística/Pago-N/DP,NÃO,SIM,N/DP,PEGOU DIPLOMA
Emanuelly,6604,Não Cadastrado,,4296908,Estatística,EXATAS,https://i.imgur.com/MGZopyB.png,10,Cabula,Manhã,"R$ 2.000,00",2015,Pago,2,F,29,532943-42/Estatística/Pago-N/DP,NÃO,SIM,N/DP,PEGOU DIPLOMA
Ana Júlia,3886,mendanha,,3980277,Gastronomia,OUTROS,https://i.imgur.com/86sYQ07.png,10,Brotas,Manhã,"R$ 1.479,00",2016,Pago,3,F,31,384038-59/Gastronomia/Pago-N/DP,NÃO,NÃO,N/DP,PEGOU DIPLOMA
Ana Luiza,6690,Não Cadastrado,,4803398,Letras,HUMANAS,https://i.imgur.com/2vgzesy.png,6,Brotas,Manhã,"R$ 1.400,00",2015,Pago,3,F,26,445103-68/Letras/Pago-N/DP,NÃO,NÃO,N/DP,PEGOU DIPLOMA
Ana Clara,5865,GUSTAVO BUARQUE SCHILLER,,4818723,Big Data,EXATAS,https://i.imgur.com/MGZopyB.png,9,Brotas,Noite,"R$ 1.800,00",2015,Pago,1,F,26,842029-52/Big Data/Pago-N/DP,NÃO,NÃO,N/DP,PEGOU DIPLOMA
Melissa,3947,Não Cadastrado,,5136239,Big Data,EXATAS,https://i.imgur.com/MGZopyB.png,6,Cabula,Manhã,"R$ 1.800,00",2016,Pago,1,F,22,799277-47/Big Data/Pago-N/DP,NÃO,NÃO,N/DP,PEGOU DIPLOMA
Yasmin,2950,PONCHE-VERDE,,4501782,Letras,HUMANAS,https://i.imgur.com/2vgzesy.png,9,Brotas,Noite,"R$ 1.400,00",2015,Pago,1,F,29,814924-43/Letras/Pago-N/DP,NÃO,NÃO,N/DP,PEGOU DIPLOMA
Maria Alice,5965,EUGÊNIO PAIVA,,5029191,Big Data,EXATAS,https://i.imgur.com/MGZopyB.png,6,Justino,Manhã,"R$ 2.600,00",2015,Pago,1,F,23,447010-61/Big Data/Pago-N/DP,NÃO,NÃO,N/DP,PEGOU DIPLOMA
Isabelly,7557,VEREADOR ALCEU DE CARVALHO,,4114139,Letras,HUMANAS,https://i.imgur.com/2vgzesy.png,9,Justino,Manhã,"R$ 2.300,00",2015,Pago,1,F,29,846995-86/Letras/Pago-N/DP,NÃO,SIM,N/DP,PEGOU DIPLOMA
Lavínia,1411,JOSÉ MANUEL MÁXIMO,,3262951,Big Data,EXATAS,https://i.imgur.com/MGZopyB.png,10,Justino,Noite,"R$ 2.600,00",2015,Pago,3,F,27,301799-32/Big Data/Pago-N/DP,NÃO,SIM,N/DP,PEGOU DIPLOMA
Esther,5621,TIMBAUBA,,4647850,Letras,HUMANAS,https://i.imgur.com/2vgzesy.png,6,Justino,Manhã,"R$ 2.300,00",2015,Pago,2,F,31,832826-69/Letras/Pago-N/DP,SIM,NÃO,N/DP,PEGOU DIPLOMA
Sarah,8960,JORNALISTA JOSÉ MARTINS,,3310505,Marketing,HUMANAS,https://i.imgur.com/2vgzesy.png,6,Justino,Manhã,"R$ 2.400,00",2016,Pago,2,F,34,745801-70/Marketing/Não Pago-N/DP,NÃO,NÃO,N/DP,PEGOU DIPLOMA
Bryan,9833,Não Cadastrado,,4994513,Nutrição,EXATAS,https://i.imgur.com/MGZopyB.png,8,Brotas,Manhã,"R$ 2.200,00",2016,Pago,2,M,24,442165-29/Nutrição/Não Pago-N/DP,NÃO,NÃO,N/DP,PEGOU DIPLOMA
Eduardo,5147,Não Cadastrado,,4645664,Veterinária,EXATAS,https://i.imgur.com/MGZopyB.png,5,Brotas,Noite,"R$ 2.900,00",2016,Pago,1,M,35,732471-56/Veterinária/Pago-N/DP,SIM,SIM,N/DP,PEGOU DIPLOMA
João Lucas,9816,DAS GARÇAS,,4930379,Gastronomia,OUTROS,https://i.imgur.com/86sYQ07.png,10,Brotas,Manhã,"R$ 1.479,00",2016,Pago,1,M,25,339693-99/Gastronomia/Pago-N/DP,SIM,SIM,N/DP,NÃO PEGOU DIPLOMA
Victor,2185,Rua Ferreira Borges,,4355617,Filosofia,HUMANAS,https://i.imgur.com/2vgzesy.png,8,Cabula,Manhã,"R$ 1.876,00",2016,Pago,2,M,22,258946-32/Filosofia/Pago-N/DP,SIM,NÃO,N/DP,PEGOU DIPLOMA
João,1846,Não Cadastrado,,4164917,Engenharia Civil,EXATAS,https://i.imgur.com/MGZopyB.png,8,Brotas,Manhã,"R$ 1.900,00",2016,Pago,3,M,33,747071-74/Engenharia Civil/Pago-N/DP,NÃO,SIM,N/DP,PEGOU DIPLOMA
Cauã,8310,GUANDU DO SAPE,,4356515,Medicina,EXATAS,https://i.imgur.com/MGZopyB.png,9,Brotas,Manhã,"R$ 3.500,00",2016,Pago,3,M,25,715015-53/Medicina/Pago-N/DP,NÃO,SIM,N/DP,PEGOU DIPLOMA
Antônio,5912,TARSILA DO AMARAL,,3317398,Direito,CIENCIAS UHMANAS,https://i.imgur.com/YxH4srf.png,7,Justino,Manhã,"R$ 2.600,00",2016,Pago,2,M,26,272072-29/Direito/Pago-N/DP,NÃO,NÃO,N/DP,NÃO PEGOU DIPLOMA
Vicente,5423,MAURÍCIO VAITSMAN,,4835452,Big Data,EXATAS,https://i.imgur.com/MGZopyB.png,8,Justino,Manhã,"R$ 2.600,00",2016,Pago,2,M,32,814343-99/Big Data/Pago-N/DP,NÃO,SIM,N/DP,PEGOU DIPLOMA
Caleb,2529,rua antanio rocha,,4770812,Big Data,EXATAS,https://i.imgur.com/MGZopyB.png,5,Cabula,Manhã,"R$ 1.800,00",2016,Pago,1,M,21,778347-97/Big Data/Pago-N/DP,NÃO,SIM,N/DP,PEGOU DIPLOMA
Gael,5800,BEIRA RIO CAMPO GRANDE,,3965487,Big Data,EXATAS,https://i.imgur.com/MGZopyB.png,5,Cabula,Manhã,"R$ 1.800,00",2016,Pago,2,M,27,534078-25/Big Data/Pago-DP,SIM,NÃO,DP,PEGOU DIPLOMA
Bento,5665,GENERAL UCHOA CAVALCANTI,,4735674,Big Data,EXATAS,https://i.imgur.com/MGZopyB.png,6,Justino,Noite,"R$ 2.600,00",2016,Pago,2,M,36,795696-29/Big Data/Não Pago-N/DP,NÃO,NÃO,N/DP,PEGOU DIPLOMA
Caio,1750,LIDJA ZAMENHOF,,4073393,Big Data,EXATAS,https://i.imgur.com/MGZopyB.png,5,Justino,Noite,"R$ 2.600,00",2016,Pago,1,M,27,498993-63/Big Data/Não Pago-DP,SIM,NÃO,DP,PEGOU DIPLOMA
Emanuel,3275,Não Cadastrado,,3259764,Big Data,EXATAS,https://i.imgur.com/MGZopyB.png,10,Justino,Manhã,"R$ 2.600,00",2016,Pago,2,M,34,826222-57/Big Data/Pago-N/DP,NÃO,SIM,N/DP,PEGOU DIPLOMA
Vinícius,7596,Não Cadastrado,,4876467,Educação Física,HUMANAS,https://i.imgur.com/2vgzesy.png,8,Brotas,Noite,"R$ 1.100,00",2016,Pago,1,M,27,585604-36/Educação Física/Pago-N/DP,NÃO,NÃO,N/DP,PEGOU DIPLOMA
João Guilherme,8632,CAMPO GRANDE,,5020931,Marketing,HUMANAS,https://i.imgur.com/2vgzesy.png,5,Brotas,Manhã,"R$ 1.400,00",2016,Pago,3,M,24,274114-62/Marketing/Pago-N/DP,NÃO,NÃO,N/DP,PEGOU DIPLOMA
Noah,9566,MANSIDÃO,,5088691,Educação Física,HUMANAS,https://i.imgur.com/2vgzesy.png,10,Brotas,Noite,"R$ 1.100,00",2016,Pago,1,M,35,270611-77/Educação Física/Pago-N/DP,NÃO,SIM,N/DP,PEGOU DIPLOMA
João Gabriel,2906,FOZ DO JORDÃO,,3741322,Marketing,HUMANAS,https://i.imgur.com/2vgzesy.png,9,Cabula,Manhã,"R$ 1.400,00",2016,Pago,2,M,29,541112-67/Marketing/Pago-N/DP,SIM,SIM,N/DP,PEGOU DIPLOMA
João Victor,1858,Não Cadastrado,,5245876,Educação Física,HUMANAS,https://i.imgur.com/2vgzesy.png,8,Brotas,Manhã,"R$ 1.100,00",2016,Pago,2,M,21,655201-96/Educação Física/Pago-N/DP,NÃO,SIM,N/DP,PEGOU DIPLOMA
Luiz Miguel,8671,GUARATIBA,,3718246,Marketing,HUMANAS,https://i.imgur.com/2vgzesy.png,10,Justino,Manhã,"R$ 2.400,00",2016,Pago,3,M,35,560869-71/Marketing/Pago-N/DP,NÃO,SIM,N/DP,PEGOU DIPLOMA
Francisco,9265,Não Cadastrado,,4954087,Direito,CIENCIAS UHMANAS,https://i.imgur.com/YxH4srf.png,8,Brotas,Manhã,"R$ 1.600,00",2016,Não Pago,3,M,29,768804-78/Direito/Pago-N/DP,NÃO,NÃO,N/DP,PEGOU DIPLOMA
Kaique,5445,BENIAMINO GIGLI,,4876904,Educação Física,HUMANAS,https://i.imgur.com/2vgzesy.png,6,Justino,Noite,"R$ 1.900,00",2016,Pago,2,M,28,447497-96/Educação Física/Pago-DP,NÃO,SIM,DP,PEGOU DIPLOMA
Otávio,1649,PAULO VI,,3821237,Direito,CIENCIAS UHMANAS,https://i.imgur.com/YxH4srf.png,10,Brotas,Manhã,"R$ 1.600,00",2016,Pago,1,M,32,840413-82/Direito/Pago-N/DP,NÃO,NÃO,N/DP,PEGOU DIPLOMA
Augusto,2201,9 CASINHAS,,4691332,Educação Física,HUMANAS,https://i.imgur.com/2vgzesy.png,6,Justino,Manhã,"R$ 1.900,00",2016,Pago,2,M,28,667216-67/Educação Física/Não Pago-N/DP,NÃO,SIM,N/DP,PEGOU DIPLOMA
Levi,6611,ALDAIR CRISCIÚMA,,4910715,Educação Física,HUMANAS,https://i.imgur.com/2vgzesy.png,6,Justino,Manhã,"R$ 1.900,00",2016,Pago,2,M,24,763207-34/Educação Física/Pago-N/DP,NÃO,SIM,N/DP,PEGOU DIPLOMA
Yuri,8033,MERGULHÃO,,4274295,Marketing,HUMANAS,https://i.imgur.com/2vgzesy.png,9,Justino,Noite,"R$ 2.400,00",2016,Pago,3,M,33,549641-82/Marketing/Não Pago-N/DP,SIM,SIM,N/DP,PEGOU DIPLOMA
Enrico,7625,OLAVO GAMA,,4633325,Marketing,HUMANAS,https://i.imgur.com/2vgzesy.png,6,Justino,Manhã,"R$ 2.400,00",2016,Pago,1,M,28,317399-33/Marketing/Pago-DP,SIM,SIM,DP,PEGOU DIPLOMA
Thiago,4841,DA CACHAMORRA,,3942089,Letras,HUMANAS,https://i.imgur.com/2vgzesy.png,8,Justino,Manhã,"R$ 2.300,00",2016,Pago,1,M,30,309697-31/Letras/Pago-N/DP,SIM,SIM,N/DP,PEGOU DIPLOMA
Ian,2313,DA VENDINHA,,4108644,Marketing,HUMANAS,https://i.imgur.com/2vgzesy.png,7,Justino,Manhã,"R$ 2.400,00",2016,Pago,2,M,23,391119-47/Marketing/Pago-N/DP,NÃO,SIM,N/DP,PEGOU DIPLOMA
Victor Hugo,8909,CACHOEIRA ALTA,,4352667,Nutrição,EXATAS,https://i.imgur.com/MGZopyB.png,8,Brotas,Noite,"R$ 2.200,00",2016,Pago,1,M,33,836770-88/Nutrição/Pago-N/DP,NÃO,NÃO,N/DP,PEGOU DIPLOMA
Thomas,3844,JOÃO MELO,https://i.imgur.com/g2wKsJE.png,3818326,Informática,EXATAS,https://i.imgur.com/MGZopyB.png,6,Brotas,Manhã,"R$ 1.300,00",2016,Pago,2,M,34,813068-58/Informática/Pago-N/DP,NÃO,NÃO,N/DP,PEGOU DIPLOMA
Henry,4861,Não Cadastrado,,3551738,Gastronomia,OUTROS,https://i.imgur.com/86sYQ07.png,5,Cabula,Manhã,"R$ 1.479,00",2016,Não Pago,3,M,36,698669-70/Gastronomia/Não Pago-N/DP,NÃO,NÃO,N/DP,PEGOU DIPLOMA
Luiz Felipe,8086,Não Cadastrado,,3279759,Medicina,EXATAS,https://i.imgur.com/MGZopyB.png,9,Cabula,Manhã,"R$ 3.500,00",2016,Pago,1,M,21,452330-71/Medicina/Pago-DP,NÃO,SIM,DP,PEGOU DIPLOMA
Ryan,1961,DO MAGARÇA  CONDOMINIO COLINAS DO MAGARÇA,,4311123,Big Data,EXATAS,https://i.imgur.com/MGZopyB.png,9,Cabula,Manhã,"R$ 1.800,00",2016,Pago,1,M,36,571787-81/Big Data/Não Pago-DP,NÃO,SIM,DP,PEGOU DIPLOMA
Arthur Miguel,3479,DO MAGARÇA,,3946580,Medicina,EXATAS,https://i.imgur.com/MGZopyB.png,8,Brotas,Manhã,"R$ 3.500,00",2016,Pago,3,M,29,715539-61/Medicina/Pago-DP,NÃO,SIM,DP,PEGOU DIPLOMA
Davi Luiz,9812,MIRASSOL,,4191972,Medicina,EXATAS,https://i.imgur.com/MGZopyB.png,10,Cabula,Noite,"R$ 3.500,00",2016,Pago,2,M,25,844393-52/Medicina/Pago-DP,NÃO,SIM,DP,PEGOU DIPLOMA
Nathan,6763,Não Cadastrado,,4453787,Medicina,EXATAS,https://i.imgur.com/MGZopyB.png,8,Cabula,Manhã,"R$ 3.500,00",2016,Pago,1,M,31,828912-68/Medicina/Pago-DP,NÃO,NÃO,DP,PEGOU DIPLOMA
Pedro Lucas,3309,QUILOMBO,,5125896,Educação Física,HUMANAS,https://i.imgur.com/2vgzesy.png,8,Brotas,Noite,"R$ 1.100,00",2016,Pago,2,M,21,418753-96/Educação Física/Pago-DP,NÃO,NÃO,DP,PEGOU DIPLOMA
Davi Miguel,4617,BEETHOVEN,,5077869,Educação Física,HUMANAS,https://i.imgur.com/2vgzesy.png,4,Cabula,Manhã,"R$ 1.100,00",2016,Não Pago,3,M,30,705577-60/Educação Física/Não Pago-DP,NÃO,NÃO,DP,PEGOU DIPLOMA
Raul,2975,ANTONINA DO NORTE,,4914883,Educação Física,HUMANAS,https://i.imgur.com/2vgzesy.png,6,Cabula,Noite,"R$ 1.100,00",2016,Pago,1,M,30,297215-87/Educação Física/Pago-DP,NÃO,NÃO,DP,PEGOU DIPLOMA